1,sshearn0,sshearn0@sakura.ne.jp,,true,,Silvana,Shearn,,,2016-02-26 18:23:39,1
2,kscholling1,kscholling1@bbb.org,,true,,Katey,Scholling,,,2018-12-26 23:49:49,2
3,fbygraves2,fbygraves2@behance.net,,true,,Fransisco,Bygraves,Edgepulse,,2012-12-02 21:03:13,3
4,mswatten3,mswatten3@loc.gov,,false,,Marie-jeanne,Swatten,,,2014-11-09 17:50:46,4
5,adiboldi4,adiboldi4@mozilla.org,,false,,Alva,Di Boldi,,,2014-05-09 12:52:44,5
6,shurler5,shurler5@uiuc.edu,,true,,Sybyl,Hurler,,,2019-08-03 21:02:01,6
7,tbenini6,tbenini6@nsw.gov.au,,false,,Tressa,Benini,,,2014-12-20 02:28:24,7
8,cissakov7,cissakov7@unblog.fr,,true,,Casi,Issakov,Plajo,,2020-11-16 11:29:55,8
9,bmccarron8,bmccarron8@psu.edu,,true,,Brynn,McCarron,,,2020-05-02 13:43:54,9
10,vwarden9,vwarden9@upenn.edu,,true,,Virgina,Warden,,,2012-08-04 07:16:50,10
11,mbuckneya,mbuckneya@g.co,,true,,Marley,Buckney,Tanoodle,,2015-06-08 07:08:46,11
12,craundb,craundb@g.co,,false,,Clemence,Raund,,,2013-03-29 22:09:27,12
13,rpeekec,rpeekec@tuttocitta.it,,false,,Rochella,Peeke,Topiclounge,,2012-06-05 12:31:29,13
14,eharrelld,eharrelld@hatena.ne.jp,,false,,Elliot,Harrell,,,2018-09-02 07:46:06,14
15,rbodiame,rbodiame@hao123.com,,false,,Rianon,Bodiam,,,2015-08-29 14:22:14,15
16,nreilingerf,nreilingerf@fda.gov,,true,,Nester,Reilinger,Kimia,,2017-07-13 19:47:15,16
17,dinmang,dinmang@youtube.com,,true,,Duffy,Inman,,,2015-01-07 10:46:17,17
18,mgullbergh,mgullbergh@etsy.com,,false,,Mirabella,Gullberg,,,2015-12-08 23:11:27,18
19,gstclairi,gstclairi@sakura.ne.jp,899338f256fb0664760ed99d4aa19c81b6d37e8e,true,,Gottfried,St Clair,,,2021-06-17 08:47:29,19
20,garonovichj,garonovichj@theglobeandmail.com,,true,,Gordy,Aronovich,,,2013-05-12 11:32:26,20
21,fhawkeswoodk,fhawkeswoodk@biblegateway.com,,true,,Farris,Hawkeswood,Yozio,,2021-07-08 16:47:24,21
22,msizelandl,msizelandl@prweb.com,,false,,Marissa,Sizeland,,,2015-03-14 05:14:06,22
23,dgilchrestm,dgilchrestm@xing.com,,false,,Denny,Gilchrest,,,2019-06-03 12:08:55,23
24,lribchestern,lribchestern@networksolutions.com,,false,,Lyle,Ribchester,,,2021-04-11 01:40:41,24
25,tgrishkovo,tgrishkovo@jimdo.com,,false,,Thorstein,Grishkov,,,2011-04-17 05:14:24,25
26,dsaltsbergp,dsaltsbergp@fema.gov,,false,,Dania,Saltsberg,,,2019-11-11 19:55:21,26
27,tsteadq,tsteadq@cmu.edu,,true,,Tierney,Stead,,,2018-06-27 13:18:30,27
28,cjostanr,cjostanr@blogs.com,,true,,Chris,Jostan,Photojam,,2018-08-12 08:45:07,28
29,dcoltarts,dcoltarts@about.me,,true,,Drona,Coltart,,,2017-05-28 00:13:22,29
30,pmillgatet,pmillgatet@hubpages.com,,false,,Peggi,Millgate,Tagpad,,2016-12-01 01:33:49,30
31,ohuntonu,ohuntonu@webs.com,,false,,Olive,Hunton,Mynte,,2012-11-30 11:26:05,31
32,mkubesv,mkubesv@walmart.com,,true,,Manya,Kubes,,,2018-09-02 18:41:55,32
33,cmacnameew,cmacnameew@noaa.gov,,false,,Chevy,MacNamee,,,2014-11-28 15:59:34,33
34,sstrangwardx,sstrangwardx@flickr.com,,true,,Silvio,Strangward,,,2016-08-07 08:57:04,34
35,lbrookfieldy,lbrookfieldy@ezinearticles.com,,true,,Lorne,Brookfield,Cogilith,,2021-01-04 23:54:26,35
36,gerrowez,gerrowez@hhs.gov,,true,,Gale,Errowe,,,2013-04-30 20:40:55,36
37,dysson10,dysson10@jalbum.net,,true,,Delly,Ysson,,,2015-11-15 15:31:26,37
38,djenman11,djenman11@free.fr,,true,,Donica,Jenman,,,2021-12-11 22:00:52,38
39,wgiovannilli12,wgiovannilli12@adobe.com,,false,,Woodman,Giovannilli,,,2012-05-28 13:28:47,39
40,eboyat13,eboyat13@businessweek.com,,false,,Evanne,Boyat,Eidel,,2011-04-15 07:37:23,40
41,pbrewins14,pbrewins14@odnoklassniki.ru,,true,,Pavla,Brewins,,,2017-03-30 03:03:26,41
42,ehabard15,ehabard15@php.net,,true,,Emilia,Habard,,,2018-07-06 05:19:45,42
43,abutterworth16,abutterworth16@si.edu,,false,,Artie,Butterworth,Skyble,,2018-02-19 03:30:27,43
44,schatburn17,schatburn17@de.vu,,true,,Shalom,Chatburn,,,2011-10-14 18:44:15,44
45,crassmann18,crassmann18@free.fr,,false,,Corry,Rassmann,,,2011-06-02 20:52:56,45
46,pplatfoot19,pplatfoot19@usnews.com,,true,,Pennie,Platfoot,,,2021-01-28 06:34:42,46
47,esleaford1a,esleaford1a@nih.gov,,true,,Elliott,Sleaford,Katz,,2020-11-13 23:23:31,47
48,rvenner1b,rvenner1b@ucoz.ru,,false,,Riley,Venner,,,2019-07-10 14:06:32,48
49,wpeyto1c,wpeyto1c@sourceforge.net,,false,,Wilburt,Peyto,Ailane,,2016-08-14 02:05:09,49
50,oplail1d,oplail1d@cafepress.com,,true,,Orv,Plail,,,2017-12-26 19:14:46,50
51,bbrunton1e,bbrunton1e@wunderground.com,,true,,Bessie,Brunton,Divanoodle,,2020-03-05 13:00:21,51
52,givan1f,givan1f@google.es,,true,,Guglielma,Ivan,,,2018-04-13 10:21:32,52
53,jferonet1g,jferonet1g@etsy.com,,true,,Junina,Feronet,,,2013-10-14 10:25:28,53
54,sguitel1h,sguitel1h@wisc.edu,,true,,Sherri,Guitel,Feedspan,,2013-07-18 16:43:53,54
55,pohanessian1i,pohanessian1i@sakura.ne.jp,,true,,Pammy,Ohanessian,,,2021-12-30 00:50:41,55
56,asancraft1j,asancraft1j@nbcnews.com,,false,,Alana,Sancraft,,,2012-01-04 01:29:14,56
57,gmedcalf1k,gmedcalf1k@thetimes.co.uk,,true,,Glad,Medcalf,Twitterbeat,,2014-01-19 02:29:54,57
58,aorum1l,aorum1l@devhub.com,,true,,Angel,Orum,,,2016-04-16 22:13:48,58
59,msanto1m,msanto1m@godaddy.com,,true,,Mair,Santo,Zoozzy,,2017-01-12 18:01:26,59
60,hhallet1n,hhallet1n@dion.ne.jp,,false,,Haydon,Hallet,,,2017-06-03 11:18:52,60
61,lplain1o,lplain1o@ihg.com,,false,,Lurline,Plain,,,2013-06-03 21:13:56,61
62,kwillowby1p,kwillowby1p@twitpic.com,,true,,Krispin,Willowby,Vidoo,,2020-07-23 20:14:00,62
63,todoohaine1q,todoohaine1q@mayoclinic.com,,false,,Tanya,O'Doohaine,Eimbee,,2021-02-23 00:37:52,63
64,twoodeson1r,twoodeson1r@tmall.com,,true,,Tonnie,Woodeson,,,2017-11-28 11:07:55,64
65,gthurley1s,gthurley1s@e-recht24.de,,true,,Gino,Thurley,Plajo,,2019-05-11 18:07:58,65
66,rcolby1t,rcolby1t@vimeo.com,,false,,Roseann,Colby,,,2011-02-22 05:19:04,66
67,msadd1u,msadd1u@china.com.cn,899338f256fb0664760ed99d4aa19c81b6d37e8e,true,,Michelina,Sadd,,,2020-01-10 18:00:53,67
68,schristophe1v,schristophe1v@ustream.tv,,true,,Sherrie,Christophe,,,2016-04-24 12:20:48,68
69,ekelston1w,ekelston1w@slashdot.org,,false,,Elvyn,Kelston,Jabbersphere,,2012-06-28 17:24:06,69
70,tdraayer1x,tdraayer1x@artisteer.com,,true,,Trever,Draayer,Jabbersphere,,2019-06-01 11:20:10,70
71,vtop1y,vtop1y@seattletimes.com,899338f256fb0664760ed99d4aa19c81b6d37e8e,true,,Val,Top,,,2021-07-15 19:52:22,71
72,lbudgeon1z,lbudgeon1z@vinaora.com,,false,,Louise,Budgeon,,,2016-01-13 10:01:43,72
73,asurmon20,asurmon20@smugmug.com,,true,,Ambur,Surmon,Realcube,,2012-06-12 17:07:34,73
74,tculp21,tculp21@loc.gov,,true,,Tilly,Culp,,,2011-08-20 12:34:17,74
75,scolvill22,scolvill22@cbslocal.com,,false,,Shelden,Colvill,,,2013-09-09 22:53:09,75
76,dclamo23,dclamo23@miibeian.gov.cn,,false,,Davon,Clamo,Reallinks,,2012-08-23 09:58:05,76
77,nsissel24,nsissel24@t-online.de,,false,,Nicolis,Sissel,,,2019-11-08 19:10:18,77
78,loehme25,loehme25@scientificamerican.com,,false,,Leland,Oehme,Devbug,,2014-05-12 21:14:06,78
79,mtomaino26,mtomaino26@google.fr,,false,,Morley,Tomaino,,,2012-06-09 09:58:39,79
80,rloffill27,rloffill27@wunderground.com,,false,,Rosemary,Loffill,Pixonyx,,2016-05-07 13:53:11,80
81,lburnel28,lburnel28@admin.ch,,false,,Lucita,Burnel,Roodel,,2021-02-15 11:33:23,81
82,bandrzejczak29,bandrzejczak29@princeton.edu,,true,,Bowie,Andrzejczak,,,2011-01-28 15:31:26,82
83,awillars2a,awillars2a@last.fm,,true,,Anitra,Willars,Eire,,2018-03-18 03:57:20,83
84,lloines2b,lloines2b@seattletimes.com,,false,,Lindy,Loines,Kayveo,,2015-11-19 18:27:40,84
85,pcossar2c,pcossar2c@weather.com,,true,,Patricia,Cossar,Jabberbean,,2020-03-22 00:28:56,85
86,lralston2d,lralston2d@xing.com,,false,,Latia,Ralston,,,2021-11-05 16:19:40,86
87,xhunstone2e,xhunstone2e@is.gd,,true,,Ximenez,Hunstone,,,2018-04-22 23:59:09,87
88,rcregin2f,rcregin2f@reuters.com,,true,,Roger,Cregin,,,2021-04-12 08:57:56,88
89,showorth2g,showorth2g@phoca.cz,,false,,Suzie,Howorth,,,2014-07-24 04:05:19,89
90,hgrumble2h,hgrumble2h@wiley.com,899338f256fb0664760ed99d4aa19c81b6d37e8e,true,,Haleigh,Grumble,,,2014-03-14 17:59:17,90
91,alathy2i,alathy2i@so-net.ne.jp,,true,,Armstrong,Lathy,,,2018-01-16 03:20:29,91
92,fpesek2j,fpesek2j@cdbaby.com,,false,,Far,Pesek,,,2018-07-17 01:22:18,92
93,mbraddick2k,mbraddick2k@accuweather.com,,true,,Mile,Braddick,,,2017-01-30 21:13:12,93
94,anapleton2l,anapleton2l@dropbox.com,,false,,Aurora,Napleton,,,2012-05-22 07:14:33,94
95,efeitosa2m,efeitosa2m@geocities.jp,,false,,Edy,Feitosa,,,2021-01-25 09:39:11,95
96,atowers2n,atowers2n@rakuten.co.jp,,false,,Andres,Towers,Geba,,2018-01-18 04:46:12,96
97,nupchurch2o,nupchurch2o@answers.com,,true,,Nicholle,Upchurch,,,2013-05-15 17:40:15,97
98,bgrzelczyk2p,bgrzelczyk2p@behance.net,,true,,Brittan,Grzelczyk,,,2011-07-13 07:57:04,98
99,edanzelman2q,edanzelman2q@cyberchimps.com,,true,,Erik,Danzelman,Jatri,,2020-08-15 03:44:22,99
100,bdalrymple2r,bdalrymple2r@liveinternet.ru,,true,,Byron,Dalrymple,,,2011-08-28 14:06:00,100
